altitude,gps_latitude,gps_longitude,temperature
21.688,40.755244,-73.955687,23.750
21.700,40.755245,-73.955688,23.800
21.374,40.755246,-73.955689,23.850
